{
    "aapl_v1": {
        "time_step": 6,
        "units": 62,
        "dropout_rate": 0.22273788622625268,
        "learning_rate": 0.000866376480007801
    },
    "aapl_v2": {
        "time_step": 28,
        "units": 72,
        "dropout_rate": 0.3801571737851236,
        "learning_rate": 0.00010546590744301017
    },
    "aapl_v3": {
        "time_step": 1,
        "units": 78,
        "dropout_rate": 0.14410320666898246,
        "learning_rate": 0.0007375702578439916,
        "epochs": 23,
        "batch_size": 68
    },
    "aapl_v4": {
        "time_step": 20,
        "units": 60,
        "dropout_rate": 0.1507772833548308,
        "learning_rate": 0.00019547886869257893,
        "epochs": 12,
        "batch_size": 20
    },
    "aapl_v5": {
        "time_step": 21,
        "units": 95,
        "dropout_rate": 0.2517805677229994,
        "learning_rate": 0.0003788676342084438,
        "epochs": 25,
        "batch_size": 75,
        "decay_factor": 0.2808073040113061
    },
    "aapl_v6": {
        "time_step": 21,
        "units": 56,
        "dropout_rate": 0.15670987013140442,
        "learning_rate": 0.0015361779255427417,
        "epochs": 30,
        "batch_size": 66,
        "decay_factor": 0.3169992414089237,
        "future_days": 40
    }
}