{
  "AAPL": {
    "1": {
      "time_step": 21,
      "units": 73,
      "dropout_rate": 0.1841341027905391,
      "learning_rate": 0.0066807842705950814
    },
    "2": {
      "time_step": 6,
      "units": 80,
      "dropout_rate": 0.18670973986970904,
      "learning_rate": 0.0026549023227762343
    },
    "3": {
      "time_step": 5,
      "units": 39,
      "dropout_rate": 0.12344752429163242,
      "learning_rate": 0.0021059699105345268,
      "epochs": 28,
      "batch_size": 21
    },
    "4": {
      "time_step": 6,
      "units": 51,
      "dropout_rate": 0.23019103495035223,
      "learning_rate": 0.003169313310557325,
      "epochs": 28,
      "batch_size": 34
    },
    "5": {
      "time_step": 8,
      "units": 67,
      "dropout_rate": 0.16211867595460666,
      "learning_rate": 0.001572790004336739,
      "epochs": 30,
      "batch_size": 61,
      "decay_factor": 0.4817114577266405
    },
    "6": {
      "time_step": 13,
      "units": 53,
      "dropout_rate": 0.4205108549564604,
      "learning_rate": 0.00047850418882368746,
      "epochs": 28,
      "batch_size": 69,
      "decay_factor": 0.28471652144239246,
      "future_days": 41
    }
  }
}