{
  "AAPL": {
    "rf_das": {
      "n_estimators": 224,
      "max_depth": 9,
      "min_samples_split": 7,
      "min_samples_leaf": 9,
      "best_value": 0.48815165876777256
    },
    "rf_mse": {
      "n_estimators": 199,
      "max_depth": 10,
      "min_samples_split": 2,
      "min_samples_leaf": 7,
      "best_value": 49.99106742994471
    },
    "rf_mse_das": {
      "n_estimators": 286,
      "max_depth": 7,
      "min_samples_split": 3,
      "min_samples_leaf": 8,
      "best_value": 51.46666501729048
    },
    "xgb_das": {
      "n_estimators": 201,
      "max_depth": 4,
      "learning_rate": 0.17854417570032788,
      "best_value": 0.44075829383886256
    },
    "xgb_mse": {
      "n_estimators": 238,
      "max_depth": 6,
      "learning_rate": 0.028860499981028156,
      "best_value": 25.6093427995809
    },
    "xgb_mse_das": {
      "n_estimators": 107,
      "max_depth": 6,
      "learning_rate": 0.16743683675303092,
      "best_value": 27.007798999294216
    }
  }
}